date,year_month,drug_code,brand_name,region,units_demanded,units_fulfilled,units_backordered,fill_rate_pct,revenue_usd
2023-01-01,2023-01,DrugY,Cardiovex,North America,87782,87590,192,99.78,546561.6
2023-01-01,2023-01,DrugY,Cardiovex,Europe,69598,68408,1190,98.29,426865.92
2023-01-01,2023-01,DrugY,Cardiovex,Asia-Pacific,53942,51081,2861,94.7,318745.44
2023-01-01,2023-01,DrugY,Cardiovex,Latin America,25813,25074,739,97.14,156461.76
2023-01-01,2023-01,DrugY,Cardiovex,Middle East & Africa,16589,15923,666,95.99,99359.52
2023-01-01,2023-01,DrugX,Nephrolyte,North America,49780,46941,2839,94.3,225786.21
2023-01-01,2023-01,DrugX,Nephrolyte,Europe,43199,41329,1870,95.67,198792.49
2023-01-01,2023-01,DrugX,Nephrolyte,Asia-Pacific,33034,32126,908,97.25,154526.06
2023-01-01,2023-01,DrugX,Nephrolyte,Latin America,15488,14714,774,95.0,70774.34
2023-01-01,2023-01,DrugX,Nephrolyte,Middle East & Africa,10523,9687,836,92.06,46594.47
2023-01-01,2023-01,DrugA,Angiotrol,North America,21984,21397,587,97.33,534069.12
2023-01-01,2023-01,DrugA,Angiotrol,Europe,18158,18112,46,99.75,452075.52
2023-01-01,2023-01,DrugA,Angiotrol,Asia-Pacific,13633,13481,152,98.89,336485.76
2023-01-01,2023-01,DrugA,Angiotrol,Latin America,6066,5817,249,95.9,145192.32
2023-01-01,2023-01,DrugA,Angiotrol,Middle East & Africa,4747,4668,79,98.33,116513.28
2023-01-01,2023-01,DrugB,Betacor,North America,15554,15535,19,99.88,127231.65
2023-01-01,2023-01,DrugB,Betacor,Europe,12274,11637,637,94.81,95307.03
2023-01-01,2023-01,DrugB,Betacor,Asia-Pacific,10403,9225,1178,88.68,75552.75
2023-01-01,2023-01,DrugB,Betacor,Latin America,4577,4294,283,93.82,35167.86
2023-01-01,2023-01,DrugB,Betacor,Middle East & Africa,3122,3122,0,100.0,25569.18
2023-01-01,2023-01,DrugC,Cholestat,North America,15635,14794,841,94.62,473112.12
2023-01-01,2023-01,DrugC,Cholestat,Europe,10945,10269,676,93.82,328402.62
2023-01-01,2023-01,DrugC,Cholestat,Asia-Pacific,10261,9680,581,94.33,309566.4
2023-01-01,2023-01,DrugC,Cholestat,Latin America,4427,4171,256,94.22,133388.58
2023-01-01,2023-01,DrugC,Cholestat,Middle East & Africa,2972,2967,5,99.84,94884.66
2023-02-01,2023-02,DrugY,Cardiovex,North America,86007,84021,1986,97.69,524291.04
2023-02-01,2023-02,DrugY,Cardiovex,Europe,73767,70612,3155,95.72,440618.88
2023-02-01,2023-02,DrugY,Cardiovex,Asia-Pacific,53807,51616,2191,95.93,322083.84
2023-02-01,2023-02,DrugY,Cardiovex,Latin America,23332,22343,989,95.76,139420.32
2023-02-01,2023-02,DrugY,Cardiovex,Middle East & Africa,17473,16384,1089,93.77,102236.16
2023-02-01,2023-02,DrugX,Nephrolyte,North America,53222,51624,1598,97.0,248311.44
2023-02-01,2023-02,DrugX,Nephrolyte,Europe,40739,39651,1088,97.33,190721.31
2023-02-01,2023-02,DrugX,Nephrolyte,Asia-Pacific,33371,31703,1668,95.0,152491.43
2023-02-01,2023-02,DrugX,Nephrolyte,Latin America,13703,12686,1017,92.58,61019.66
2023-02-01,2023-02,DrugX,Nephrolyte,Middle East & Africa,10241,9873,368,96.41,47489.13
2023-02-01,2023-02,DrugA,Angiotrol,North America,21943,21943,0,100.0,547697.28
2023-02-01,2023-02,DrugA,Angiotrol,Europe,17129,17129,0,100.0,427539.84
2023-02-01,2023-02,DrugA,Angiotrol,Asia-Pacific,14765,13826,939,93.64,345096.96
2023-02-01,2023-02,DrugA,Angiotrol,Latin America,6283,5885,398,93.66,146889.6
2023-02-01,2023-02,DrugA,Angiotrol,Middle East & Africa,4578,4400,178,96.12,109824.0
2023-02-01,2023-02,DrugB,Betacor,North America,15478,13994,1484,90.41,114610.86
2023-02-01,2023-02,DrugB,Betacor,Europe,11426,10663,763,93.32,87329.97
2023-02-01,2023-02,DrugB,Betacor,Asia-Pacific,9726,9014,712,92.68,73824.66
2023-02-01,2023-02,DrugB,Betacor,Latin America,4265,3896,369,91.34,31908.24
2023-02-01,2023-02,DrugB,Betacor,Middle East & Africa,3105,3100,5,99.84,25389.0
2023-02-01,2023-02,DrugC,Cholestat,North America,15528,15448,80,99.49,494027.04
2023-02-01,2023-02,DrugC,Cholestat,Europe,13087,12918,169,98.71,413117.64
2023-02-01,2023-02,DrugC,Cholestat,Asia-Pacific,9919,8977,942,90.5,287084.46
2023-02-01,2023-02,DrugC,Cholestat,Latin America,4617,4323,294,93.63,138249.54
2023-02-01,2023-02,DrugC,Cholestat,Middle East & Africa,3144,3041,103,96.71,97251.18
2023-03-01,2023-03,DrugY,Cardiovex,North America,80452,77805,2647,96.71,485503.2
2023-03-01,2023-03,DrugY,Cardiovex,Europe,59369,55107,4262,92.82,343867.68
2023-03-01,2023-03,DrugY,Cardiovex,Asia-Pacific,52593,47208,5385,89.76,294577.92
2023-03-01,2023-03,DrugY,Cardiovex,Latin America,25868,24479,1389,94.63,152748.96
2023-03-01,2023-03,DrugY,Cardiovex,Middle East & Africa,17004,15275,1729,89.83,95316.0
2023-03-01,2023-03,DrugX,Nephrolyte,North America,46449,44303,2146,95.38,213097.43
2023-03-01,2023-03,DrugX,Nephrolyte,Europe,34411,33454,957,97.22,160913.74
2023-03-01,2023-03,DrugX,Nephrolyte,Asia-Pacific,33030,31599,1431,95.67,151991.19
2023-03-01,2023-03,DrugX,Nephrolyte,Latin America,14237,13448,789,94.46,64684.88
2023-03-01,2023-03,DrugX,Nephrolyte,Middle East & Africa,9506,8980,526,94.46,43193.8
2023-03-01,2023-03,DrugA,Angiotrol,North America,20633,20223,410,98.01,504766.08
2023-03-01,2023-03,DrugA,Angiotrol,Europe,15614,15015,599,96.16,374774.4
2023-03-01,2023-03,DrugA,Angiotrol,Asia-Pacific,12917,12234,683,94.71,305360.64
2023-03-01,2023-03,DrugA,Angiotrol,Latin America,6130,5418,712,88.39,135233.28
2023-03-01,2023-03,DrugA,Angiotrol,Middle East & Africa,4437,4227,210,95.27,105505.92
2023-03-01,2023-03,DrugB,Betacor,North America,15212,13588,1624,89.33,111285.72
2023-03-01,2023-03,DrugB,Betacor,Europe,11821,11018,803,93.21,90237.42
2023-03-01,2023-03,DrugB,Betacor,Asia-Pacific,9627,9447,180,98.14,77370.93
2023-03-01,2023-03,DrugB,Betacor,Latin America,4579,4408,171,96.27,36101.52
2023-03-01,2023-03,DrugB,Betacor,Middle East & Africa,2636,2447,189,92.84,20040.93
2023-03-01,2023-03,DrugC,Cholestat,North America,14572,14075,497,96.59,450118.5
2023-03-01,2023-03,DrugC,Cholestat,Europe,10715,10532,183,98.29,336813.36
2023-03-01,2023-03,DrugC,Cholestat,Asia-Pacific,10416,10002,414,96.03,319863.96
2023-03-01,2023-03,DrugC,Cholestat,Latin America,4429,4254,175,96.05,136042.92
2023-03-01,2023-03,DrugC,Cholestat,Middle East & Africa,2814,2541,273,90.29,81261.18
2023-04-01,2023-04,DrugY,Cardiovex,North America,76516,74243,2273,97.03,463276.32
2023-04-01,2023-04,DrugY,Cardiovex,Europe,58961,56811,2150,96.35,354500.64
2023-04-01,2023-04,DrugY,Cardiovex,Asia-Pacific,46364,44284,2080,95.51,276332.16
2023-04-01,2023-04,DrugY,Cardiovex,Latin America,22282,20729,1553,93.03,129348.96
2023-04-01,2023-04,DrugY,Cardiovex,Middle East & Africa,14698,13301,1397,90.5,82998.24
2023-04-01,2023-04,DrugX,Nephrolyte,North America,49604,46109,3495,92.95,221784.29
2023-04-01,2023-04,DrugX,Nephrolyte,Europe,35925,35434,491,98.63,170437.54
2023-04-01,2023-04,DrugX,Nephrolyte,Asia-Pacific,30700,30700,0,100.0,147667.0
2023-04-01,2023-04,DrugX,Nephrolyte,Latin America,12324,11692,632,94.87,56238.52
2023-04-01,2023-04,DrugX,Nephrolyte,Middle East & Africa,8795,8364,431,95.1,40230.84
2023-04-01,2023-04,DrugA,Angiotrol,North America,18323,17692,631,96.55,441592.32
2023-04-01,2023-04,DrugA,Angiotrol,Europe,14423,13361,1062,92.64,333490.56
2023-04-01,2023-04,DrugA,Angiotrol,Asia-Pacific,11781,10855,926,92.14,270940.8
2023-04-01,2023-04,DrugA,Angiotrol,Latin America,5719,5378,341,94.03,134234.88
2023-04-01,2023-04,DrugA,Angiotrol,Middle East & Africa,3964,3556,408,89.7,88757.76
2023-04-01,2023-04,DrugB,Betacor,North America,13426,12776,650,95.16,104635.44
2023-04-01,2023-04,DrugB,Betacor,Europe,11251,11251,0,100.0,92145.69
2023-04-01,2023-04,DrugB,Betacor,Asia-Pacific,8797,8618,179,97.96,70581.42
2023-04-01,2023-04,DrugB,Betacor,Latin America,3853,3700,153,96.02,30303.0
2023-04-01,2023-04,DrugB,Betacor,Middle East & Africa,2691,2548,143,94.69,20868.12
2023-04-01,2023-04,DrugC,Cholestat,North America,13082,12722,360,97.25,406849.56
2023-04-01,2023-04,DrugC,Cholestat,Europe,10812,10441,371,96.57,333903.18
2023-04-01,2023-04,DrugC,Cholestat,Asia-Pacific,8705,8705,0,100.0,278385.9
2023-04-01,2023-04,DrugC,Cholestat,Latin America,3900,3799,101,97.41,121492.02
2023-04-01,2023-04,DrugC,Cholestat,Middle East & Africa,2713,2624,89,96.7,83915.52
2023-05-01,2023-05,DrugY,Cardiovex,North America,73458,73073,385,99.48,455975.52
2023-05-01,2023-05,DrugY,Cardiovex,Europe,57970,57881,89,99.85,361177.44
2023-05-01,2023-05,DrugY,Cardiovex,Asia-Pacific,43255,40077,3178,92.65,250080.48
2023-05-01,2023-05,DrugY,Cardiovex,Latin America,21944,20275,1669,92.4,126516.0
2023-05-01,2023-05,DrugY,Cardiovex,Middle East & Africa,14575,14291,284,98.05,89175.84
2023-05-01,2023-05,DrugX,Nephrolyte,North America,41167,39068,2099,94.9,187917.08
2023-05-01,2023-05,DrugX,Nephrolyte,Europe,31166,30315,851,97.27,145815.15
2023-05-01,2023-05,DrugX,Nephrolyte,Asia-Pacific,27135,27135,0,100.0,130519.35
2023-05-01,2023-05,DrugX,Nephrolyte,Latin America,12507,12462,45,99.64,59942.22
2023-05-01,2023-05,DrugX,Nephrolyte,Middle East & Africa,9055,8781,274,96.97,42236.61
2023-05-01,2023-05,DrugA,Angiotrol,North America,16968,16968,0,100.0,423521.28
2023-05-01,2023-05,DrugA,Angiotrol,Europe,13570,12950,620,95.43,323232.0
2023-05-01,2023-05,DrugA,Angiotrol,Asia-Pacific,11111,10742,369,96.68,268120.32
2023-05-01,2023-05,DrugA,Angiotrol,Latin America,5027,4539,488,90.28,113293.44
2023-05-01,2023-05,DrugA,Angiotrol,Middle East & Africa,4180,3787,393,90.59,94523.52
2023-05-01,2023-05,DrugB,Betacor,North America,13170,13125,45,99.66,107493.75
2023-05-01,2023-05,DrugB,Betacor,Europe,10098,9670,428,95.76,79197.3
2023-05-01,2023-05,DrugB,Betacor,Asia-Pacific,7452,7195,257,96.56,58927.05
2023-05-01,2023-05,DrugB,Betacor,Latin America,3857,3750,107,97.24,30712.5
2023-05-01,2023-05,DrugB,Betacor,Middle East & Africa,2556,2543,13,99.48,20827.17
2023-05-01,2023-05,DrugC,Cholestat,North America,12842,12333,509,96.04,394409.34
2023-05-01,2023-05,DrugC,Cholestat,Europe,10179,9793,386,96.21,313180.14
2023-05-01,2023-05,DrugC,Cholestat,Asia-Pacific,7424,7424,0,100.0,237419.52
2023-05-01,2023-05,DrugC,Cholestat,Latin America,3743,3272,471,87.41,104638.56
2023-05-01,2023-05,DrugC,Cholestat,Middle East & Africa,2664,2626,38,98.58,83979.48
2023-06-01,2023-06,DrugY,Cardiovex,North America,69068,69068,0,100.0,430984.32
2023-06-01,2023-06,DrugY,Cardiovex,Europe,54132,51113,3019,94.42,318945.12
2023-06-01,2023-06,DrugY,Cardiovex,Asia-Pacific,43816,43816,0,100.0,273411.84
2023-06-01,2023-06,DrugY,Cardiovex,Latin America,20746,19086,1660,92.0,119096.64
2023-06-01,2023-06,DrugY,Cardiovex,Middle East & Africa,14629,13669,960,93.43,85294.56
2023-06-01,2023-06,DrugX,Nephrolyte,North America,39018,37741,1277,96.73,181534.21
2023-06-01,2023-06,DrugX,Nephrolyte,Europe,34396,31677,2719,92.09,152366.37
2023-06-01,2023-06,DrugX,Nephrolyte,Asia-Pacific,24956,24456,500,98.0,117633.36
2023-06-01,2023-06,DrugX,Nephrolyte,Latin America,11636,11125,511,95.6,53511.25
2023-06-01,2023-06,DrugX,Nephrolyte,Middle East & Africa,8545,7742,803,90.6,37239.02
2023-06-01,2023-06,DrugA,Angiotrol,North America,16351,16351,0,100.0,408120.96
2023-06-01,2023-06,DrugA,Angiotrol,Europe,12719,12380,339,97.33,309004.8
2023-06-01,2023-06,DrugA,Angiotrol,Asia-Pacific,10671,9671,1000,90.63,241388.16
2023-06-01,2023-06,DrugA,Angiotrol,Latin America,4701,4353,348,92.59,108650.88
2023-06-01,2023-06,DrugA,Angiotrol,Middle East & Africa,3628,3345,283,92.2,83491.2
2023-06-01,2023-06,DrugB,Betacor,North America,12417,11754,663,94.66,96265.26
2023-06-01,2023-06,DrugB,Betacor,Europe,9517,9295,222,97.67,76126.05
2023-06-01,2023-06,DrugB,Betacor,Asia-Pacific,7575,7478,97,98.72,61244.82
2023-06-01,2023-06,DrugB,Betacor,Latin America,3470,3392,78,97.74,27780.48
2023-06-01,2023-06,DrugB,Betacor,Middle East & Africa,2219,2021,198,91.06,16551.99
2023-06-01,2023-06,DrugC,Cholestat,North America,11320,10560,760,93.29,337708.8
2023-06-01,2023-06,DrugC,Cholestat,Europe,9406,9090,316,96.64,290698.2
2023-06-01,2023-06,DrugC,Cholestat,Asia-Pacific,8154,8020,134,98.35,256479.6
2023-06-01,2023-06,DrugC,Cholestat,Latin America,3330,3193,137,95.89,102112.14
2023-06-01,2023-06,DrugC,Cholestat,Middle East & Africa,2507,2428,79,96.84,77647.44
2023-07-01,2023-07,DrugY,Cardiovex,North America,65655,61690,3965,93.96,384945.6
2023-07-01,2023-07,DrugY,Cardiovex,Europe,51769,48397,3372,93.49,301997.28
2023-07-01,2023-07,DrugY,Cardiovex,Asia-Pacific,43782,43103,679,98.45,268962.72
2023-07-01,2023-07,DrugY,Cardiovex,Latin America,18606,17861,745,96.0,111452.64
2023-07-01,2023-07,DrugY,Cardiovex,Middle East & Africa,13564,12888,676,95.01,80421.12
2023-07-01,2023-07,DrugX,Nephrolyte,North America,37136,35103,2033,94.53,168845.43
2023-07-01,2023-07,DrugX,Nephrolyte,Europe,31789,31081,708,97.77,149499.61
2023-07-01,2023-07,DrugX,Nephrolyte,Asia-Pacific,25853,24930,923,96.43,119913.3
2023-07-01,2023-07,DrugX,Nephrolyte,Latin America,10553,10101,452,95.72,48585.81
2023-07-01,2023-07,DrugX,Nephrolyte,Middle East & Africa,7932,7353,579,92.7,35367.93
2023-07-01,2023-07,DrugA,Angiotrol,North America,14937,13795,1142,92.35,344323.2
2023-07-01,2023-07,DrugA,Angiotrol,Europe,12507,12044,463,96.3,300618.24
2023-07-01,2023-07,DrugA,Angiotrol,Asia-Pacific,11052,11052,0,100.0,275857.92
2023-07-01,2023-07,DrugA,Angiotrol,Latin America,4715,4573,142,96.98,114142.08
2023-07-01,2023-07,DrugA,Angiotrol,Middle East & Africa,3432,3361,71,97.94,83890.56
2023-07-01,2023-07,DrugB,Betacor,North America,12270,12270,0,100.0,100491.3
2023-07-01,2023-07,DrugB,Betacor,Europe,9427,9063,364,96.14,74225.97
2023-07-01,2023-07,DrugB,Betacor,Asia-Pacific,7440,7151,289,96.12,58566.69
2023-07-01,2023-07,DrugB,Betacor,Latin America,3306,3036,270,91.82,24864.84
2023-07-01,2023-07,DrugB,Betacor,Middle East & Africa,2113,1895,218,89.68,15520.05
2023-07-01,2023-07,DrugC,Cholestat,North America,11265,10864,401,96.44,347430.72
2023-07-01,2023-07,DrugC,Cholestat,Europe,9255,8938,317,96.57,285837.24
2023-07-01,2023-07,DrugC,Cholestat,Asia-Pacific,7661,7308,353,95.4,233709.84
2023-07-01,2023-07,DrugC,Cholestat,Latin America,3524,3417,107,96.96,109275.66
2023-07-01,2023-07,DrugC,Cholestat,Middle East & Africa,2275,2234,41,98.18,71443.32
2023-08-01,2023-08,DrugY,Cardiovex,North America,66012,63478,2534,96.16,396102.72
2023-08-01,2023-08,DrugY,Cardiovex,Europe,53158,52177,981,98.15,325584.48
2023-08-01,2023-08,DrugY,Cardiovex,Asia-Pacific,47085,43934,3151,93.31,274148.16
2023-08-01,2023-08,DrugY,Cardiovex,Latin America,20711,20711,0,100.0,129236.64
2023-08-01,2023-08,DrugY,Cardiovex,Middle East & Africa,14718,13598,1120,92.39,84851.52
2023-08-01,2023-08,DrugX,Nephrolyte,North America,42128,40973,1155,97.26,197080.13
2023-08-01,2023-08,DrugX,Nephrolyte,Europe,29648,27592,2056,93.06,132717.52
2023-08-01,2023-08,DrugX,Nephrolyte,Asia-Pacific,23978,23048,930,96.12,110860.88
2023-08-01,2023-08,DrugX,Nephrolyte,Latin America,11836,11297,539,95.44,54338.57
2023-08-01,2023-08,DrugX,Nephrolyte,Middle East & Africa,7804,7117,687,91.2,34232.77
2023-08-01,2023-08,DrugA,Angiotrol,North America,17209,16955,254,98.52,423196.8
2023-08-01,2023-08,DrugA,Angiotrol,Europe,13465,12610,855,93.65,314745.6
2023-08-01,2023-08,DrugA,Angiotrol,Asia-Pacific,10674,10432,242,97.73,260382.72
2023-08-01,2023-08,DrugA,Angiotrol,Latin America,4784,4632,152,96.82,115614.72
2023-08-01,2023-08,DrugA,Angiotrol,Middle East & Africa,3430,3218,212,93.82,80321.28
2023-08-01,2023-08,DrugB,Betacor,North America,12420,12000,420,96.62,98280.0
2023-08-01,2023-08,DrugB,Betacor,Europe,8992,8280,712,92.08,67813.2
2023-08-01,2023-08,DrugB,Betacor,Asia-Pacific,6881,6614,267,96.11,54168.66
2023-08-01,2023-08,DrugB,Betacor,Latin America,3450,3450,0,99.99,28255.5
2023-08-01,2023-08,DrugB,Betacor,Middle East & Africa,2472,2374,98,96.03,19443.06
2023-08-01,2023-08,DrugC,Cholestat,North America,11455,10809,646,94.36,345671.82
2023-08-01,2023-08,DrugC,Cholestat,Europe,9696,9243,453,95.33,295591.14
2023-08-01,2023-08,DrugC,Cholestat,Asia-Pacific,7280,7268,12,99.84,232430.64
2023-08-01,2023-08,DrugC,Cholestat,Latin America,3414,3159,255,92.54,101024.82
2023-08-01,2023-08,DrugC,Cholestat,Middle East & Africa,2665,2466,199,92.53,78862.68
2023-09-01,2023-09,DrugY,Cardiovex,North America,70399,70399,0,100.0,439289.76
2023-09-01,2023-09,DrugY,Cardiovex,Europe,62848,60729,2119,96.63,378948.96
2023-09-01,2023-09,DrugY,Cardiovex,Asia-Pacific,50449,48132,2317,95.41,300343.68
2023-09-01,2023-09,DrugY,Cardiovex,Latin America,20219,18598,1621,91.98,116051.52
2023-09-01,2023-09,DrugY,Cardiovex,Middle East & Africa,15858,15247,611,96.15,95141.28
2023-09-01,2023-09,DrugX,Nephrolyte,North America,43363,40867,2496,94.24,196570.27
2023-09-01,2023-09,DrugX,Nephrolyte,Europe,33264,32463,801,97.59,156147.03
2023-09-01,2023-09,DrugX,Nephrolyte,Asia-Pacific,26248,24175,2073,92.1,116281.75
2023-09-01,2023-09,DrugX,Nephrolyte,Latin America,12276,11709,567,95.38,56320.29
2023-09-01,2023-09,DrugX,Nephrolyte,Middle East & Africa,8677,8612,65,99.25,41423.72
2023-09-01,2023-09,DrugA,Angiotrol,North America,19676,19147,529,97.31,477909.12
2023-09-01,2023-09,DrugA,Angiotrol,Europe,13743,13402,341,97.52,334513.92
2023-09-01,2023-09,DrugA,Angiotrol,Asia-Pacific,11513,10062,1451,87.4,251147.52
2023-09-01,2023-09,DrugA,Angiotrol,Latin America,5824,5337,487,91.64,133211.52
2023-09-01,2023-09,DrugA,Angiotrol,Middle East & Africa,4119,3887,232,94.36,97019.52
2023-09-01,2023-09,DrugB,Betacor,North America,13469,13469,0,100.0,110311.11
2023-09-01,2023-09,DrugB,Betacor,Europe,10506,10215,291,97.23,83660.85
2023-09-01,2023-09,DrugB,Betacor,Asia-Pacific,8254,7959,295,96.43,65184.21
2023-09-01,2023-09,DrugB,Betacor,Latin America,3477,3237,240,93.1,26511.03
2023-09-01,2023-09,DrugB,Betacor,Middle East & Africa,2354,2194,160,93.2,17968.86
2023-09-01,2023-09,DrugC,Cholestat,North America,11727,11522,205,98.26,368473.56
2023-09-01,2023-09,DrugC,Cholestat,Europe,8946,8539,407,95.45,273077.22
2023-09-01,2023-09,DrugC,Cholestat,Asia-Pacific,8275,7990,285,96.56,255520.2
2023-09-01,2023-09,DrugC,Cholestat,Latin America,3426,3399,27,99.22,108700.02
2023-09-01,2023-09,DrugC,Cholestat,Middle East & Africa,2602,2420,182,93.0,77391.6
2023-10-01,2023-10,DrugY,Cardiovex,North America,74311,71332,2979,95.99,445111.68
2023-10-01,2023-10,DrugY,Cardiovex,Europe,57578,55589,1989,96.55,346875.36
2023-10-01,2023-10,DrugY,Cardiovex,Asia-Pacific,46408,43664,2744,94.09,272463.36
2023-10-01,2023-10,DrugY,Cardiovex,Latin America,22704,21068,1636,92.8,131464.32
2023-10-01,2023-10,DrugY,Cardiovex,Middle East & Africa,15714,14557,1157,92.63,90835.68
2023-10-01,2023-10,DrugX,Nephrolyte,North America,46674,46394,280,99.4,223155.14
2023-10-01,2023-10,DrugX,Nephrolyte,Europe,39663,39366,297,99.25,189350.46
2023-10-01,2023-10,DrugX,Nephrolyte,Asia-Pacific,32295,31965,330,98.98,153751.65
2023-10-01,2023-10,DrugX,Nephrolyte,Latin America,13686,12887,799,94.16,61986.47
2023-10-01,2023-10,DrugX,Nephrolyte,Middle East & Africa,10474,9898,576,94.5,47609.38
2023-10-01,2023-10,DrugA,Angiotrol,North America,18776,18403,373,98.01,459338.88
2023-10-01,2023-10,DrugA,Angiotrol,Europe,17106,16909,197,98.85,422048.64
2023-10-01,2023-10,DrugA,Angiotrol,Asia-Pacific,12743,12652,91,99.28,315793.92
2023-10-01,2023-10,DrugA,Angiotrol,Latin America,5542,5341,201,96.38,133311.36
2023-10-01,2023-10,DrugA,Angiotrol,Middle East & Africa,4037,3730,307,92.38,93100.8
2023-10-01,2023-10,DrugB,Betacor,North America,13294,12896,398,97.01,105618.24
2023-10-01,2023-10,DrugB,Betacor,Europe,10983,10907,76,99.31,89328.33
2023-10-01,2023-10,DrugB,Betacor,Asia-Pacific,8503,8503,0,100.0,69639.57
2023-10-01,2023-10,DrugB,Betacor,Latin America,4121,3966,155,96.24,32481.54
2023-10-01,2023-10,DrugB,Betacor,Middle East & Africa,2963,2662,301,89.83,21801.78
2023-10-01,2023-10,DrugC,Cholestat,North America,15261,14411,850,94.43,460863.78
2023-10-01,2023-10,DrugC,Cholestat,Europe,11521,11266,255,97.79,360286.68
2023-10-01,2023-10,DrugC,Cholestat,Asia-Pacific,8801,8631,170,98.07,276019.38
2023-10-01,2023-10,DrugC,Cholestat,Latin America,4039,3890,149,96.31,124402.2
2023-10-01,2023-10,DrugC,Cholestat,Middle East & Africa,2946,2784,162,94.51,89032.32
2023-11-01,2023-11,DrugY,Cardiovex,North America,86840,82236,4604,94.7,513152.64
2023-11-01,2023-11,DrugY,Cardiovex,Europe,64873,64224,649,99.0,400757.76
2023-11-01,2023-11,DrugY,Cardiovex,Asia-Pacific,53140,53140,0,100.0,331593.6
2023-11-01,2023-11,DrugY,Cardiovex,Latin America,24014,22859,1155,95.19,142640.16
2023-11-01,2023-11,DrugY,Cardiovex,Middle East & Africa,18170,17784,386,97.87,110972.16
2023-11-01,2023-11,DrugX,Nephrolyte,North America,51217,51217,0,100.0,246353.77
2023-11-01,2023-11,DrugX,Nephrolyte,Europe,37039,33238,3801,89.74,159874.78
2023-11-01,2023-11,DrugX,Nephrolyte,Asia-Pacific,30340,27639,2701,91.1,132943.59
2023-11-01,2023-11,DrugX,Nephrolyte,Latin America,13976,13054,922,93.4,62789.74
2023-11-01,2023-11,DrugX,Nephrolyte,Middle East & Africa,10169,9467,702,93.1,45536.27
2023-11-01,2023-11,DrugA,Angiotrol,North America,20298,19566,732,96.39,488367.36
2023-11-01,2023-11,DrugA,Angiotrol,Europe,17831,16900,931,94.78,421824.0
2023-11-01,2023-11,DrugA,Angiotrol,Asia-Pacific,13782,13596,186,98.65,339356.16
2023-11-01,2023-11,DrugA,Angiotrol,Latin America,6615,6195,420,93.65,154627.2
2023-11-01,2023-11,DrugA,Angiotrol,Middle East & Africa,4716,4407,309,93.44,109998.72
2023-11-01,2023-11,DrugB,Betacor,North America,15495,14384,1111,92.83,117804.96
2023-11-01,2023-11,DrugB,Betacor,Europe,11466,10612,854,92.55,86912.28
2023-11-01,2023-11,DrugB,Betacor,Asia-Pacific,9701,9139,562,94.2,74848.41
2023-11-01,2023-11,DrugB,Betacor,Latin America,4247,4070,177,95.83,33333.3
2023-11-01,2023-11,DrugB,Betacor,Middle East & Africa,3239,3041,198,93.9,24905.79
2023-11-01,2023-11,DrugC,Cholestat,North America,15193,14606,587,96.14,467099.88
2023-11-01,2023-11,DrugC,Cholestat,Europe,11358,10773,585,94.85,344520.54
2023-11-01,2023-11,DrugC,Cholestat,Asia-Pacific,10400,9836,564,94.58,314555.28
2023-11-01,2023-11,DrugC,Cholestat,Latin America,4858,4547,311,93.6,145413.06
2023-11-01,2023-11,DrugC,Cholestat,Middle East & Africa,2984,2984,0,100.0,95428.32
2023-12-01,2023-12,DrugY,Cardiovex,North America,96970,91780,5190,94.65,572707.2
2023-12-01,2023-12,DrugY,Cardiovex,Europe,71464,64149,7315,89.76,400289.76
2023-12-01,2023-12,DrugY,Cardiovex,Asia-Pacific,60677,57057,3620,94.03,356035.68
2023-12-01,2023-12,DrugY,Cardiovex,Latin America,26532,24276,2256,91.5,151482.24
2023-12-01,2023-12,DrugY,Cardiovex,Middle East & Africa,19781,18242,1539,92.22,113830.08
2023-12-01,2023-12,DrugX,Nephrolyte,North America,54844,52645,2199,95.99,253222.45
2023-12-01,2023-12,DrugX,Nephrolyte,Europe,45938,45343,595,98.71,218099.83
2023-12-01,2023-12,DrugX,Nephrolyte,Asia-Pacific,35003,33287,1716,95.1,160110.47
2023-12-01,2023-12,DrugX,Nephrolyte,Latin America,14962,13471,1491,90.03,64795.51
2023-12-01,2023-12,DrugX,Nephrolyte,Middle East & Africa,10338,9850,488,95.28,47378.5
2023-12-01,2023-12,DrugA,Angiotrol,North America,23846,23801,45,99.81,594072.96
2023-12-01,2023-12,DrugA,Angiotrol,Europe,18172,17515,657,96.39,437174.4
2023-12-01,2023-12,DrugA,Angiotrol,Asia-Pacific,14480,13696,784,94.58,341852.16
2023-12-01,2023-12,DrugA,Angiotrol,Latin America,6967,6474,493,92.92,161591.04
2023-12-01,2023-12,DrugA,Angiotrol,Middle East & Africa,4770,4521,249,94.78,112844.16
2023-12-01,2023-12,DrugB,Betacor,North America,15923,15311,612,96.16,125397.09
2023-12-01,2023-12,DrugB,Betacor,Europe,13370,13081,289,97.84,107133.39
2023-12-01,2023-12,DrugB,Betacor,Asia-Pacific,10497,10270,227,97.84,84111.3
2023-12-01,2023-12,DrugB,Betacor,Latin America,4588,4512,76,98.35,36953.28
2023-12-01,2023-12,DrugB,Betacor,Middle East & Africa,3462,3219,243,92.98,26363.61
2023-12-01,2023-12,DrugC,Cholestat,North America,16024,15339,685,95.72,490541.22
2023-12-01,2023-12,DrugC,Cholestat,Europe,13099,12760,339,97.42,408064.8
2023-12-01,2023-12,DrugC,Cholestat,Asia-Pacific,9798,9345,453,95.37,298853.1
2023-12-01,2023-12,DrugC,Cholestat,Latin America,5015,4724,291,94.2,151073.52
2023-12-01,2023-12,DrugC,Cholestat,Middle East & Africa,3444,3417,27,99.23,109275.66
2024-01-01,2024-01,DrugY,Cardiovex,North America,92985,92985,0,100.0,580226.4
2024-01-01,2024-01,DrugY,Cardiovex,Europe,69879,67698,2181,96.88,422435.52
2024-01-01,2024-01,DrugY,Cardiovex,Asia-Pacific,61496,57934,3562,94.21,361508.16
2024-01-01,2024-01,DrugY,Cardiovex,Latin America,26793,25916,877,96.73,161715.84
2024-01-01,2024-01,DrugY,Cardiovex,Middle East & Africa,19319,18517,802,95.85,115546.08
2024-01-01,2024-01,DrugX,Nephrolyte,North America,62983,60382,2601,95.87,290437.42
2024-01-01,2024-01,DrugX,Nephrolyte,Europe,41015,38538,2477,93.96,185367.78
2024-01-01,2024-01,DrugX,Nephrolyte,Asia-Pacific,35597,32563,3034,91.48,156628.03
2024-01-01,2024-01,DrugX,Nephrolyte,Latin America,16429,16343,86,99.48,78609.83
2024-01-01,2024-01,DrugX,Nephrolyte,Middle East & Africa,12302,11625,677,94.5,55916.25
2024-01-01,2024-01,DrugA,Angiotrol,North America,24186,24014,172,99.29,599389.44
2024-01-01,2024-01,DrugA,Angiotrol,Europe,21266,20519,747,96.49,512154.24
2024-01-01,2024-01,DrugA,Angiotrol,Asia-Pacific,14548,13789,759,94.78,344173.44
2024-01-01,2024-01,DrugA,Angiotrol,Latin America,6645,6396,249,96.25,159644.16
2024-01-01,2024-01,DrugA,Angiotrol,Middle East & Africa,5027,4753,274,94.54,118634.88
2024-01-01,2024-01,DrugB,Betacor,North America,15734,14876,858,94.55,121834.44
2024-01-01,2024-01,DrugB,Betacor,Europe,13596,12876,720,94.7,105454.44
2024-01-01,2024-01,DrugB,Betacor,Asia-Pacific,11942,11089,853,92.85,90818.91
2024-01-01,2024-01,DrugB,Betacor,Latin America,4565,4213,352,92.3,34504.47
2024-01-01,2024-01,DrugB,Betacor,Middle East & Africa,3576,3346,230,93.57,27403.74
2024-01-01,2024-01,DrugC,Cholestat,North America,16051,16051,0,100.0,513310.98
2024-01-01,2024-01,DrugC,Cholestat,Europe,11315,10996,319,97.18,351652.08
2024-01-01,2024-01,DrugC,Cholestat,Asia-Pacific,10444,10444,0,100.0,333999.12
2024-01-01,2024-01,DrugC,Cholestat,Latin America,4693,4354,339,92.78,139240.92
2024-01-01,2024-01,DrugC,Cholestat,Middle East & Africa,3483,3323,160,95.4,106269.54
2024-02-01,2024-02,DrugY,Cardiovex,North America,94584,90062,4522,95.22,561986.88
2024-02-01,2024-02,DrugY,Cardiovex,Europe,70773,66148,4625,93.47,412763.52
2024-02-01,2024-02,DrugY,Cardiovex,Asia-Pacific,60270,58036,2234,96.29,362144.64
2024-02-01,2024-02,DrugY,Cardiovex,Latin America,27516,27516,0,100.0,171699.84
2024-02-01,2024-02,DrugY,Cardiovex,Middle East & Africa,20389,19224,1165,94.28,119957.76
2024-02-01,2024-02,DrugX,Nephrolyte,North America,53297,53297,0,100.0,256358.57
2024-02-01,2024-02,DrugX,Nephrolyte,Europe,44958,43714,1244,97.23,210264.34
2024-02-01,2024-02,DrugX,Nephrolyte,Asia-Pacific,36506,33876,2630,92.8,162943.56
2024-02-01,2024-02,DrugX,Nephrolyte,Latin America,16706,15619,1087,93.49,75127.39
2024-02-01,2024-02,DrugX,Nephrolyte,Middle East & Africa,11158,10784,374,96.65,51871.04
2024-02-01,2024-02,DrugA,Angiotrol,North America,24306,21910,2396,90.14,546873.6
2024-02-01,2024-02,DrugA,Angiotrol,Europe,19931,19760,171,99.14,493209.6
2024-02-01,2024-02,DrugA,Angiotrol,Asia-Pacific,14424,13641,783,94.57,340479.36
2024-02-01,2024-02,DrugA,Angiotrol,Latin America,6914,6502,412,94.04,162289.92
2024-02-01,2024-02,DrugA,Angiotrol,Middle East & Africa,4475,4109,366,91.83,102560.64
2024-02-01,2024-02,DrugB,Betacor,North America,16719,15598,1121,93.3,127747.62
2024-02-01,2024-02,DrugB,Betacor,Europe,12807,12508,299,97.67,102440.52
2024-02-01,2024-02,DrugB,Betacor,Asia-Pacific,10607,10050,557,94.75,82309.5
2024-02-01,2024-02,DrugB,Betacor,Latin America,4612,4236,376,91.84,34692.84
2024-02-01,2024-02,DrugB,Betacor,Middle East & Africa,3388,3109,279,91.77,25462.71
2024-02-01,2024-02,DrugC,Cholestat,North America,17835,17071,764,95.72,545930.58
2024-02-01,2024-02,DrugC,Cholestat,Europe,13003,12262,741,94.3,392138.76
2024-02-01,2024-02,DrugC,Cholestat,Asia-Pacific,10802,9728,1074,90.05,311101.44
2024-02-01,2024-02,DrugC,Cholestat,Latin America,4854,4582,272,94.4,146532.36
2024-02-01,2024-02,DrugC,Cholestat,Middle East & Africa,3786,3569,217,94.26,114136.62
2024-03-01,2024-03,DrugY,Cardiovex,North America,84275,83663,612,99.27,522057.12
2024-03-01,2024-03,DrugY,Cardiovex,Europe,70333,64717,5616,92.01,403834.08
2024-03-01,2024-03,DrugY,Cardiovex,Asia-Pacific,61563,56650,4913,92.02,353496.0
2024-03-01,2024-03,DrugY,Cardiovex,Latin America,25292,24301,991,96.08,151638.24
2024-03-01,2024-03,DrugY,Cardiovex,Middle East & Africa,18168,17629,539,97.03,110004.96
2024-03-01,2024-03,DrugX,Nephrolyte,North America,48635,46620,2015,95.86,224242.2
2024-03-01,2024-03,DrugX,Nephrolyte,Europe,39639,38917,722,98.18,187190.77
2024-03-01,2024-03,DrugX,Nephrolyte,Asia-Pacific,35297,33464,1833,94.81,160961.84
2024-03-01,2024-03,DrugX,Nephrolyte,Latin America,15221,14244,977,93.58,68513.64
2024-03-01,2024-03,DrugX,Nephrolyte,Middle East & Africa,10148,9771,377,96.29,46998.51
2024-03-01,2024-03,DrugA,Angiotrol,North America,21112,20344,768,96.36,507786.24
2024-03-01,2024-03,DrugA,Angiotrol,Europe,18155,16662,1493,91.77,415883.52
2024-03-01,2024-03,DrugA,Angiotrol,Asia-Pacific,14466,13391,1075,92.57,334239.36
2024-03-01,2024-03,DrugA,Angiotrol,Latin America,6645,6333,312,95.31,158071.68
2024-03-01,2024-03,DrugA,Angiotrol,Middle East & Africa,4404,4196,208,95.28,104732.16
2024-03-01,2024-03,DrugB,Betacor,North America,15826,14680,1146,92.76,120229.2
2024-03-01,2024-03,DrugB,Betacor,Europe,12320,11602,718,94.17,95020.38
2024-03-01,2024-03,DrugB,Betacor,Asia-Pacific,10347,9203,1144,88.95,75372.57
2024-03-01,2024-03,DrugB,Betacor,Latin America,4635,4227,408,91.19,34619.13
2024-03-01,2024-03,DrugB,Betacor,Middle East & Africa,3103,3057,46,98.51,25036.83
2024-03-01,2024-03,DrugC,Cholestat,North America,14271,13854,417,97.07,443050.92
2024-03-01,2024-03,DrugC,Cholestat,Europe,11613,11613,0,100.0,371383.74
2024-03-01,2024-03,DrugC,Cholestat,Asia-Pacific,10167,10167,0,100.0,325140.66
2024-03-01,2024-03,DrugC,Cholestat,Latin America,4570,4468,102,97.77,142886.64
2024-03-01,2024-03,DrugC,Cholestat,Middle East & Africa,3155,3155,0,100.0,100896.9
2024-04-01,2024-04,DrugY,Cardiovex,North America,82157,82157,0,100.0,512659.68
2024-04-01,2024-04,DrugY,Cardiovex,Europe,59199,57131,2068,96.51,356497.44
2024-04-01,2024-04,DrugY,Cardiovex,Asia-Pacific,51698,50653,1045,97.98,316074.72
2024-04-01,2024-04,DrugY,Cardiovex,Latin America,25528,25528,0,100.0,159294.72
2024-04-01,2024-04,DrugY,Cardiovex,Middle East & Africa,15843,15520,323,97.96,96844.8
2024-04-01,2024-04,DrugX,Nephrolyte,North America,47782,47782,0,100.0,229831.42
2024-04-01,2024-04,DrugX,Nephrolyte,Europe,38635,38635,0,100.0,185834.35
2024-04-01,2024-04,DrugX,Nephrolyte,Asia-Pacific,30377,29971,406,98.66,144160.51
2024-04-01,2024-04,DrugX,Nephrolyte,Latin America,13397,12234,1163,91.32,58845.54
2024-04-01,2024-04,DrugX,Nephrolyte,Middle East & Africa,9399,8826,573,93.91,42453.06
2024-04-01,2024-04,DrugA,Angiotrol,North America,20447,20007,440,97.85,499374.72
2024-04-01,2024-04,DrugA,Angiotrol,Europe,16651,15943,708,95.75,397937.28
2024-04-01,2024-04,DrugA,Angiotrol,Asia-Pacific,13608,12926,682,94.99,322632.96
2024-04-01,2024-04,DrugA,Angiotrol,Latin America,6261,5780,481,92.31,144268.8
2024-04-01,2024-04,DrugA,Angiotrol,Middle East & Africa,4363,3906,457,89.53,97493.76
2024-04-01,2024-04,DrugB,Betacor,North America,15514,14465,1049,93.24,118468.35
2024-04-01,2024-04,DrugB,Betacor,Europe,10766,10766,0,100.0,88173.54
2024-04-01,2024-04,DrugB,Betacor,Asia-Pacific,9055,9039,16,99.82,74029.41
2024-04-01,2024-04,DrugB,Betacor,Latin America,4241,3827,414,90.23,31343.13
2024-04-01,2024-04,DrugB,Betacor,Middle East & Africa,2925,2557,368,87.4,20941.83
2024-04-01,2024-04,DrugC,Cholestat,North America,14703,14560,143,99.03,465628.8
2024-04-01,2024-04,DrugC,Cholestat,Europe,11747,11048,699,94.05,353315.04
2024-04-01,2024-04,DrugC,Cholestat,Asia-Pacific,9392,8613,779,91.71,275443.74
2024-04-01,2024-04,DrugC,Cholestat,Latin America,4339,4205,134,96.92,134475.9
2024-04-01,2024-04,DrugC,Cholestat,Middle East & Africa,2866,2639,227,92.1,84395.22
2024-05-01,2024-05,DrugY,Cardiovex,North America,71844,71844,0,100.0,448306.56
2024-05-01,2024-05,DrugY,Cardiovex,Europe,57867,57771,96,99.83,360491.04
2024-05-01,2024-05,DrugY,Cardiovex,Asia-Pacific,48580,44433,4147,91.46,277261.92
2024-05-01,2024-05,DrugY,Cardiovex,Latin America,21482,20302,1180,94.5,126684.48
2024-05-01,2024-05,DrugY,Cardiovex,Middle East & Africa,15096,14570,526,96.52,90916.8
2024-05-01,2024-05,DrugX,Nephrolyte,North America,43813,42340,1473,96.64,203655.4
2024-05-01,2024-05,DrugX,Nephrolyte,Europe,35117,33452,1665,95.26,160904.12
2024-05-01,2024-05,DrugX,Nephrolyte,Asia-Pacific,28226,26723,1503,94.68,128537.63
2024-05-01,2024-05,DrugX,Nephrolyte,Latin America,14063,13314,749,94.68,64040.34
2024-05-01,2024-05,DrugX,Nephrolyte,Middle East & Africa,9474,9128,346,96.35,43905.68
2024-05-01,2024-05,DrugA,Angiotrol,North America,18158,16880,1278,92.96,421324.8
2024-05-01,2024-05,DrugA,Angiotrol,Europe,14058,13184,874,93.78,329072.64
2024-05-01,2024-05,DrugA,Angiotrol,Asia-Pacific,12770,11538,1232,90.35,287988.48
2024-05-01,2024-05,DrugA,Angiotrol,Latin America,5737,5299,438,92.36,132263.04
2024-05-01,2024-05,DrugA,Angiotrol,Middle East & Africa,4043,3744,299,92.6,93450.24
2024-05-01,2024-05,DrugB,Betacor,North America,13616,13383,233,98.29,109606.77
2024-05-01,2024-05,DrugB,Betacor,Europe,10138,9633,505,95.02,78894.27
2024-05-01,2024-05,DrugB,Betacor,Asia-Pacific,8346,7941,405,95.15,65036.79
2024-05-01,2024-05,DrugB,Betacor,Latin America,3880,3745,135,96.53,30671.55
2024-05-01,2024-05,DrugB,Betacor,Middle East & Africa,3049,2994,55,98.19,24520.86
2024-05-01,2024-05,DrugC,Cholestat,North America,12348,11491,857,93.06,367482.18
2024-05-01,2024-05,DrugC,Cholestat,Europe,10823,10129,694,93.59,323925.42
2024-05-01,2024-05,DrugC,Cholestat,Asia-Pacific,8310,7670,640,92.3,245286.6
2024-05-01,2024-05,DrugC,Cholestat,Latin America,3877,3530,347,91.05,112889.4
2024-05-01,2024-05,DrugC,Cholestat,Middle East & Africa,2890,2794,96,96.68,89352.12
2024-06-01,2024-06,DrugY,Cardiovex,North America,65506,64341,1165,98.22,401487.84
2024-06-01,2024-06,DrugY,Cardiovex,Europe,58148,56666,1482,97.45,353595.84
2024-06-01,2024-06,DrugY,Cardiovex,Asia-Pacific,46461,44519,1942,95.82,277798.56
2024-06-01,2024-06,DrugY,Cardiovex,Latin America,21383,19631,1752,91.81,122497.44
2024-06-01,2024-06,DrugY,Cardiovex,Middle East & Africa,14297,14119,178,98.75,88102.56
2024-06-01,2024-06,DrugX,Nephrolyte,North America,42389,41205,1184,97.21,198196.05
2024-06-01,2024-06,DrugX,Nephrolyte,Europe,36379,35859,520,98.57,172481.79
2024-06-01,2024-06,DrugX,Nephrolyte,Asia-Pacific,30323,28830,1493,95.08,138672.3
2024-06-01,2024-06,DrugX,Nephrolyte,Latin America,12245,11572,673,94.5,55661.32
2024-06-01,2024-06,DrugX,Nephrolyte,Middle East & Africa,8910,8666,244,97.26,41683.46
2024-06-01,2024-06,DrugA,Angiotrol,North America,18466,18232,234,98.73,455070.72
2024-06-01,2024-06,DrugA,Angiotrol,Europe,13672,13094,578,95.77,326826.24
2024-06-01,2024-06,DrugA,Angiotrol,Asia-Pacific,12241,11670,571,95.33,291283.2
2024-06-01,2024-06,DrugA,Angiotrol,Latin America,4956,4896,60,98.78,122204.16
2024-06-01,2024-06,DrugA,Angiotrol,Middle East & Africa,3548,3335,213,93.99,83241.6
2024-06-01,2024-06,DrugB,Betacor,North America,12573,11445,1128,91.03,93734.55
2024-06-01,2024-06,DrugB,Betacor,Europe,9453,8964,489,94.82,73415.16
2024-06-01,2024-06,DrugB,Betacor,Asia-Pacific,8494,8194,300,96.46,67108.86
2024-06-01,2024-06,DrugB,Betacor,Latin America,4175,4175,0,100.0,34193.25
2024-06-01,2024-06,DrugB,Betacor,Middle East & Africa,2551,2423,128,94.96,19844.37
2024-06-01,2024-06,DrugC,Cholestat,North America,11962,11256,706,94.1,359966.88
2024-06-01,2024-06,DrugC,Cholestat,Europe,9517,8657,860,90.96,276850.86
2024-06-01,2024-06,DrugC,Cholestat,Asia-Pacific,7680,7680,0,100.0,245606.4
2024-06-01,2024-06,DrugC,Cholestat,Latin America,3797,3383,414,89.1,108188.34
2024-06-01,2024-06,DrugC,Cholestat,Middle East & Africa,2521,2437,84,96.68,77935.26
2024-07-01,2024-07,DrugY,Cardiovex,North America,67604,65808,1796,97.34,410641.92
2024-07-01,2024-07,DrugY,Cardiovex,Europe,48972,44651,4321,91.18,278622.24
2024-07-01,2024-07,DrugY,Cardiovex,Asia-Pacific,43843,42081,1762,95.98,262585.44
2024-07-01,2024-07,DrugY,Cardiovex,Latin America,20909,18687,2222,89.37,116606.88
2024-07-01,2024-07,DrugY,Cardiovex,Middle East & Africa,14355,13949,406,97.17,87041.76
2024-07-01,2024-07,DrugX,Nephrolyte,North America,38850,37401,1449,96.27,179898.81
2024-07-01,2024-07,DrugX,Nephrolyte,Europe,33182,32647,535,98.39,157032.07
2024-07-01,2024-07,DrugX,Nephrolyte,Asia-Pacific,27296,26098,1198,95.61,125531.38
2024-07-01,2024-07,DrugX,Nephrolyte,Latin America,11996,11392,604,94.97,54795.52
2024-07-01,2024-07,DrugX,Nephrolyte,Middle East & Africa,9317,8464,853,90.84,40711.84
2024-07-01,2024-07,DrugA,Angiotrol,North America,16743,16246,497,97.03,405500.16
2024-07-01,2024-07,DrugA,Angiotrol,Europe,13106,12047,1059,91.92,300693.12
2024-07-01,2024-07,DrugA,Angiotrol,Asia-Pacific,12828,12335,493,96.16,307881.6
2024-07-01,2024-07,DrugA,Angiotrol,Latin America,5333,5051,282,94.71,126072.96
2024-07-01,2024-07,DrugA,Angiotrol,Middle East & Africa,3803,3621,182,95.21,90380.16
2024-07-01,2024-07,DrugB,Betacor,North America,11693,11412,281,97.59,93464.28
2024-07-01,2024-07,DrugB,Betacor,Europe,9452,8997,455,95.18,73685.43
2024-07-01,2024-07,DrugB,Betacor,Asia-Pacific,7712,7014,698,90.95,57444.66
2024-07-01,2024-07,DrugB,Betacor,Latin America,3743,3397,346,90.77,27821.43
2024-07-01,2024-07,DrugB,Betacor,Middle East & Africa,2539,2217,322,87.32,18157.23
2024-07-01,2024-07,DrugC,Cholestat,North America,12924,12494,430,96.67,399558.12
2024-07-01,2024-07,DrugC,Cholestat,Europe,9654,9276,378,96.09,296646.48
2024-07-01,2024-07,DrugC,Cholestat,Asia-Pacific,8083,7869,214,97.35,251650.62
2024-07-01,2024-07,DrugC,Cholestat,Latin America,3765,3709,56,98.51,118613.82
2024-07-01,2024-07,DrugC,Cholestat,Middle East & Africa,2776,2637,139,95.0,84331.26
2024-08-01,2024-08,DrugY,Cardiovex,North America,69625,67268,2357,96.62,419752.32
2024-08-01,2024-08,DrugY,Cardiovex,Europe,50837,46991,3846,92.43,293223.84
2024-08-01,2024-08,DrugY,Cardiovex,Asia-Pacific,47252,44472,2780,94.12,277505.28
2024-08-01,2024-08,DrugY,Cardiovex,Latin America,21845,20659,1186,94.57,128912.16
2024-08-01,2024-08,DrugY,Cardiovex,Middle East & Africa,14960,13954,1006,93.27,87072.96
2024-08-01,2024-08,DrugX,Nephrolyte,North America,43775,41443,2332,94.67,199340.83
2024-08-01,2024-08,DrugX,Nephrolyte,Europe,31761,31545,216,99.32,151731.45
2024-08-01,2024-08,DrugX,Nephrolyte,Asia-Pacific,28481,27733,748,97.38,133395.73
2024-08-01,2024-08,DrugX,Nephrolyte,Latin America,13739,12592,1147,91.66,60567.52
2024-08-01,2024-08,DrugX,Nephrolyte,Middle East & Africa,9233,8771,462,94.99,42188.51
2024-08-01,2024-08,DrugA,Angiotrol,North America,16810,16326,484,97.12,407496.96
2024-08-01,2024-08,DrugA,Angiotrol,Europe,14967,13930,1037,93.07,347692.8
2024-08-01,2024-08,DrugA,Angiotrol,Asia-Pacific,11485,10857,628,94.53,270990.72
2024-08-01,2024-08,DrugA,Angiotrol,Latin America,5112,4988,124,97.58,124500.48
2024-08-01,2024-08,DrugA,Angiotrol,Middle East & Africa,4058,3768,290,92.86,94049.28
2024-08-01,2024-08,DrugB,Betacor,North America,12597,12246,351,97.21,100294.74
2024-08-01,2024-08,DrugB,Betacor,Europe,10644,9755,889,91.64,79893.45
2024-08-01,2024-08,DrugB,Betacor,Asia-Pacific,8301,7776,525,93.68,63685.44
2024-08-01,2024-08,DrugB,Betacor,Latin America,3734,3532,202,94.6,28927.08
2024-08-01,2024-08,DrugB,Betacor,Middle East & Africa,2714,2587,127,95.31,21187.53
2024-08-01,2024-08,DrugC,Cholestat,North America,12409,11863,546,95.6,379378.74
2024-08-01,2024-08,DrugC,Cholestat,Europe,10303,9618,685,93.35,307583.64
2024-08-01,2024-08,DrugC,Cholestat,Asia-Pacific,8556,7768,788,90.79,248420.64
2024-08-01,2024-08,DrugC,Cholestat,Latin America,4171,4150,21,99.49,132717.0
2024-08-01,2024-08,DrugC,Cholestat,Middle East & Africa,2628,2520,108,95.91,80589.6
2024-09-01,2024-09,DrugY,Cardiovex,North America,76210,73076,3134,95.89,455994.24
2024-09-01,2024-09,DrugY,Cardiovex,Europe,62903,60236,2667,95.76,375872.64
2024-09-01,2024-09,DrugY,Cardiovex,Asia-Pacific,49096,48207,889,98.19,300811.68
2024-09-01,2024-09,DrugY,Cardiovex,Latin America,22527,21460,1067,95.26,133910.4
2024-09-01,2024-09,DrugY,Cardiovex,Middle East & Africa,15832,14964,868,94.52,93375.36
2024-09-01,2024-09,DrugX,Nephrolyte,North America,46128,42862,3266,92.92,206166.22
2024-09-01,2024-09,DrugX,Nephrolyte,Europe,32479,30849,1630,94.98,148383.69
2024-09-01,2024-09,DrugX,Nephrolyte,Asia-Pacific,30890,30282,608,98.03,145656.42
2024-09-01,2024-09,DrugX,Nephrolyte,Latin America,13618,12535,1083,92.04,60293.35
2024-09-01,2024-09,DrugX,Nephrolyte,Middle East & Africa,8701,8332,369,95.76,40076.92
2024-09-01,2024-09,DrugA,Angiotrol,North America,20861,20159,702,96.63,503168.64
2024-09-01,2024-09,DrugA,Angiotrol,Europe,16867,16600,267,98.42,414336.0
2024-09-01,2024-09,DrugA,Angiotrol,Asia-Pacific,12549,11571,978,92.21,288812.16
2024-09-01,2024-09,DrugA,Angiotrol,Latin America,5586,4935,651,88.34,123177.6
2024-09-01,2024-09,DrugA,Angiotrol,Middle East & Africa,4117,3918,199,95.18,97793.28
2024-09-01,2024-09,DrugB,Betacor,North America,14226,13623,603,95.76,111572.37
2024-09-01,2024-09,DrugB,Betacor,Europe,10515,10136,379,96.4,83013.84
2024-09-01,2024-09,DrugB,Betacor,Asia-Pacific,8677,8504,173,98.01,69647.76
2024-09-01,2024-09,DrugB,Betacor,Latin America,4284,3996,288,93.29,32727.24
2024-09-01,2024-09,DrugB,Betacor,Middle East & Africa,3015,2957,58,98.06,24217.83
2024-09-01,2024-09,DrugC,Cholestat,North America,13402,13004,398,97.03,415867.92
2024-09-01,2024-09,DrugC,Cholestat,Europe,10622,10131,491,95.38,323989.38
2024-09-01,2024-09,DrugC,Cholestat,Asia-Pacific,8422,7812,610,92.76,249827.76
2024-09-01,2024-09,DrugC,Cholestat,Latin America,4055,3747,308,92.4,119829.06
2024-09-01,2024-09,DrugC,Cholestat,Middle East & Africa,2679,2610,69,97.41,83467.8
2024-10-01,2024-10,DrugY,Cardiovex,North America,89018,86170,2848,96.8,537700.8
2024-10-01,2024-10,DrugY,Cardiovex,Europe,66110,66110,0,100.0,412526.4
2024-10-01,2024-10,DrugY,Cardiovex,Asia-Pacific,51786,49896,1890,96.35,311351.04
2024-10-01,2024-10,DrugY,Cardiovex,Latin America,23112,21469,1643,92.89,133966.56
2024-10-01,2024-10,DrugY,Cardiovex,Middle East & Africa,16913,16271,642,96.2,101531.04
2024-10-01,2024-10,DrugX,Nephrolyte,North America,48758,46530,2228,95.43,223809.3
2024-10-01,2024-10,DrugX,Nephrolyte,Europe,39074,37412,1662,95.75,179951.72
2024-10-01,2024-10,DrugX,Nephrolyte,Asia-Pacific,32844,31201,1643,95.0,150076.81
2024-10-01,2024-10,DrugX,Nephrolyte,Latin America,15277,15273,4,99.98,73463.13
2024-10-01,2024-10,DrugX,Nephrolyte,Middle East & Africa,11037,11037,0,100.0,53087.97
2024-10-01,2024-10,DrugA,Angiotrol,North America,20970,20568,402,98.08,513377.28
2024-10-01,2024-10,DrugA,Angiotrol,Europe,17131,17131,0,100.0,427589.76
2024-10-01,2024-10,DrugA,Angiotrol,Asia-Pacific,14331,13982,349,97.56,348990.72
2024-10-01,2024-10,DrugA,Angiotrol,Latin America,6416,6057,359,94.4,151182.72
2024-10-01,2024-10,DrugA,Angiotrol,Middle East & Africa,4922,4472,450,90.86,111621.12
2024-10-01,2024-10,DrugB,Betacor,North America,14837,14708,129,99.13,120458.52
2024-10-01,2024-10,DrugB,Betacor,Europe,11463,10947,516,95.5,89655.93
2024-10-01,2024-10,DrugB,Betacor,Asia-Pacific,10146,9655,491,95.16,79074.45
2024-10-01,2024-10,DrugB,Betacor,Latin America,4144,4144,0,100.0,33939.36
2024-10-01,2024-10,DrugB,Betacor,Middle East & Africa,3077,2872,205,93.34,23521.68
2024-10-01,2024-10,DrugC,Cholestat,North America,15869,14862,1007,93.66,475286.76
2024-10-01,2024-10,DrugC,Cholestat,Europe,11044,10569,475,95.7,337996.62
2024-10-01,2024-10,DrugC,Cholestat,Asia-Pacific,9766,8898,868,91.11,284558.04
2024-10-01,2024-10,DrugC,Cholestat,Latin America,4286,4091,195,95.45,130830.18
2024-10-01,2024-10,DrugC,Cholestat,Middle East & Africa,3008,2768,240,92.02,88520.64
2024-11-01,2024-11,DrugY,Cardiovex,North America,88081,84485,3596,95.92,527186.4
2024-11-01,2024-11,DrugY,Cardiovex,Europe,74840,71580,3260,95.64,446659.2
2024-11-01,2024-11,DrugY,Cardiovex,Asia-Pacific,55814,52448,3366,93.97,327275.52
2024-11-01,2024-11,DrugY,Cardiovex,Latin America,27967,26615,1352,95.16,166077.6
2024-11-01,2024-11,DrugY,Cardiovex,Middle East & Africa,17506,17506,0,100.0,109237.44
2024-11-01,2024-11,DrugX,Nephrolyte,North America,56816,56085,731,98.71,269768.85
2024-11-01,2024-11,DrugX,Nephrolyte,Europe,42457,41053,1404,96.69,197464.93
2024-11-01,2024-11,DrugX,Nephrolyte,Asia-Pacific,34609,33717,892,97.42,162178.77
2024-11-01,2024-11,DrugX,Nephrolyte,Latin America,16531,14756,1775,89.26,70976.36
2024-11-01,2024-11,DrugX,Nephrolyte,Middle East & Africa,12006,11601,405,96.63,55800.81
2024-11-01,2024-11,DrugA,Angiotrol,North America,24139,22764,1375,94.3,568189.44
2024-11-01,2024-11,DrugA,Angiotrol,Europe,18836,17117,1719,90.87,427240.32
2024-11-01,2024-11,DrugA,Angiotrol,Asia-Pacific,15531,14821,710,95.43,369932.16
2024-11-01,2024-11,DrugA,Angiotrol,Latin America,7088,6463,625,91.18,161316.48
2024-11-01,2024-11,DrugA,Angiotrol,Middle East & Africa,4629,4324,305,93.41,107927.04
2024-11-01,2024-11,DrugB,Betacor,North America,16326,15912,414,97.47,130319.28
2024-11-01,2024-11,DrugB,Betacor,Europe,13867,13208,659,95.25,108173.52
2024-11-01,2024-11,DrugB,Betacor,Asia-Pacific,10193,10169,24,99.77,83284.11
2024-11-01,2024-11,DrugB,Betacor,Latin America,4635,4502,133,97.13,36871.38
2024-11-01,2024-11,DrugB,Betacor,Middle East & Africa,3181,2931,250,92.15,24004.89
2024-11-01,2024-11,DrugC,Cholestat,North America,17543,17367,176,99.0,555396.66
2024-11-01,2024-11,DrugC,Cholestat,Europe,13219,13177,42,99.68,421400.46
2024-11-01,2024-11,DrugC,Cholestat,Asia-Pacific,10643,10084,559,94.75,322486.32
2024-11-01,2024-11,DrugC,Cholestat,Latin America,4671,4503,168,96.4,144005.94
2024-11-01,2024-11,DrugC,Cholestat,Middle East & Africa,3319,3100,219,93.41,99138.0
2024-12-01,2024-12,DrugY,Cardiovex,North America,106310,104565,1745,98.36,652485.6
2024-12-01,2024-12,DrugY,Cardiovex,Europe,74363,74363,0,100.0,464025.12
2024-12-01,2024-12,DrugY,Cardiovex,Asia-Pacific,61088,58279,2809,95.4,363660.96
2024-12-01,2024-12,DrugY,Cardiovex,Latin America,28859,28184,675,97.66,175868.16
2024-12-01,2024-12,DrugY,Cardiovex,Middle East & Africa,21023,19138,1885,91.03,119421.12
2024-12-01,2024-12,DrugX,Nephrolyte,North America,59977,56580,3397,94.34,272149.8
2024-12-01,2024-12,DrugX,Nephrolyte,Europe,46854,43383,3471,92.59,208672.23
2024-12-01,2024-12,DrugX,Nephrolyte,Asia-Pacific,39049,36438,2611,93.31,175266.78
2024-12-01,2024-12,DrugX,Nephrolyte,Latin America,17611,16703,908,94.85,80341.43
2024-12-01,2024-12,DrugX,Nephrolyte,Middle East & Africa,12493,11837,656,94.75,56935.97
2024-12-01,2024-12,DrugA,Angiotrol,North America,25145,23737,1408,94.4,592475.52
2024-12-01,2024-12,DrugA,Angiotrol,Europe,19811,17990,1821,90.81,449030.4
2024-12-01,2024-12,DrugA,Angiotrol,Asia-Pacific,16668,16668,0,100.0,416033.28
2024-12-01,2024-12,DrugA,Angiotrol,Latin America,7343,7198,145,98.03,179662.08
2024-12-01,2024-12,DrugA,Angiotrol,Middle East & Africa,4898,4726,172,96.5,117960.96
2024-12-01,2024-12,DrugB,Betacor,North America,17577,17264,313,98.22,141392.16
2024-12-01,2024-12,DrugB,Betacor,Europe,13985,13473,512,96.34,110343.87
2024-12-01,2024-12,DrugB,Betacor,Asia-Pacific,11024,10393,631,94.27,85118.67
2024-12-01,2024-12,DrugB,Betacor,Latin America,5465,5228,237,95.66,42817.32
2024-12-01,2024-12,DrugB,Betacor,Middle East & Africa,3508,3449,59,98.33,28247.31
2024-12-01,2024-12,DrugC,Cholestat,North America,17790,17516,274,98.46,560161.68
2024-12-01,2024-12,DrugC,Cholestat,Europe,13883,13883,0,100.0,443978.34
2024-12-01,2024-12,DrugC,Cholestat,Asia-Pacific,10923,10270,653,94.02,328434.6
2024-12-01,2024-12,DrugC,Cholestat,Latin America,4846,4640,206,95.74,148387.2
2024-12-01,2024-12,DrugC,Cholestat,Middle East & Africa,3644,3348,296,91.87,107069.04
2025-01-01,2025-01,DrugY,Cardiovex,North America,104103,101427,2676,97.43,632904.48
2025-01-01,2025-01,DrugY,Cardiovex,Europe,85185,85185,0,100.0,531554.4
2025-01-01,2025-01,DrugY,Cardiovex,Asia-Pacific,63022,59374,3648,94.21,370493.76
2025-01-01,2025-01,DrugY,Cardiovex,Latin America,27889,26364,1525,94.53,164511.36
2025-01-01,2025-01,DrugY,Cardiovex,Middle East & Africa,18653,17018,1635,91.23,106192.32
2025-01-01,2025-01,DrugX,Nephrolyte,North America,62090,61206,884,98.58,294400.86
2025-01-01,2025-01,DrugX,Nephrolyte,Europe,49378,47933,1445,97.07,230557.73
2025-01-01,2025-01,DrugX,Nephrolyte,Asia-Pacific,39537,38990,547,98.62,187541.9
2025-01-01,2025-01,DrugX,Nephrolyte,Latin America,17181,16642,539,96.86,80048.02
2025-01-01,2025-01,DrugX,Nephrolyte,Middle East & Africa,12843,12254,589,95.41,58941.74
2025-01-01,2025-01,DrugA,Angiotrol,North America,25338,25257,81,99.68,630414.72
2025-01-01,2025-01,DrugA,Angiotrol,Europe,17891,15764,2127,88.11,393469.44
2025-01-01,2025-01,DrugA,Angiotrol,Asia-Pacific,16169,14723,1446,91.06,367486.08
2025-01-01,2025-01,DrugA,Angiotrol,Latin America,8124,8124,0,100.0,202775.04
2025-01-01,2025-01,DrugA,Angiotrol,Middle East & Africa,5281,4695,586,88.91,117187.2
2025-01-01,2025-01,DrugB,Betacor,North America,16654,15627,1027,93.83,127985.13
2025-01-01,2025-01,DrugB,Betacor,Europe,13900,12512,1388,90.01,102473.28
2025-01-01,2025-01,DrugB,Betacor,Asia-Pacific,12307,11682,625,94.92,95675.58
2025-01-01,2025-01,DrugB,Betacor,Latin America,5081,4892,189,96.28,40065.48
2025-01-01,2025-01,DrugB,Betacor,Middle East & Africa,3604,3236,368,89.8,26502.84
2025-01-01,2025-01,DrugC,Cholestat,North America,18850,17754,1096,94.19,567772.92
2025-01-01,2025-01,DrugC,Cholestat,Europe,13737,13684,53,99.61,437614.32
2025-01-01,2025-01,DrugC,Cholestat,Asia-Pacific,10605,10005,600,94.34,319959.9
2025-01-01,2025-01,DrugC,Cholestat,Latin America,5508,5250,258,95.32,167895.0
2025-01-01,2025-01,DrugC,Cholestat,Middle East & Africa,3443,3209,234,93.22,102623.82
2025-02-01,2025-02,DrugY,Cardiovex,North America,95665,87516,8149,91.48,546099.84
2025-02-01,2025-02,DrugY,Cardiovex,Europe,72660,69452,3208,95.59,433380.48
2025-02-01,2025-02,DrugY,Cardiovex,Asia-Pacific,57681,53561,4120,92.86,334220.64
2025-02-01,2025-02,DrugY,Cardiovex,Latin America,27120,25511,1609,94.07,159188.64
2025-02-01,2025-02,DrugY,Cardiovex,Middle East & Africa,20897,19353,1544,92.61,120762.72
2025-02-01,2025-02,DrugX,Nephrolyte,North America,58389,57963,426,99.27,278802.03
2025-02-01,2025-02,DrugX,Nephrolyte,Europe,44312,42600,1712,96.14,204906.0
2025-02-01,2025-02,DrugX,Nephrolyte,Asia-Pacific,40271,40271,0,100.0,193703.51
2025-02-01,2025-02,DrugX,Nephrolyte,Latin America,18326,16966,1360,92.58,81606.46
2025-02-01,2025-02,DrugX,Nephrolyte,Middle East & Africa,11647,11231,416,96.43,54021.11
2025-02-01,2025-02,DrugA,Angiotrol,North America,26202,25910,292,98.88,646713.6
2025-02-01,2025-02,DrugA,Angiotrol,Europe,17870,16304,1566,91.24,406947.84
2025-02-01,2025-02,DrugA,Angiotrol,Asia-Pacific,17156,16557,599,96.51,413262.72
2025-02-01,2025-02,DrugA,Angiotrol,Latin America,7428,6964,464,93.76,173821.44
2025-02-01,2025-02,DrugA,Angiotrol,Middle East & Africa,4933,4633,300,93.93,115639.68
2025-02-01,2025-02,DrugB,Betacor,North America,16757,16018,739,95.59,131187.42
2025-02-01,2025-02,DrugB,Betacor,Europe,15414,14938,476,96.91,122342.22
2025-02-01,2025-02,DrugB,Betacor,Asia-Pacific,10900,10234,666,93.89,83816.46
2025-02-01,2025-02,DrugB,Betacor,Latin America,5097,4563,534,89.53,37370.97
2025-02-01,2025-02,DrugB,Betacor,Middle East & Africa,3690,3673,17,99.55,30081.87
2025-02-01,2025-02,DrugC,Cholestat,North America,17862,16875,987,94.47,539662.5
2025-02-01,2025-02,DrugC,Cholestat,Europe,13434,12852,582,95.67,411006.96
2025-02-01,2025-02,DrugC,Cholestat,Asia-Pacific,11344,10835,509,95.51,346503.3
2025-02-01,2025-02,DrugC,Cholestat,Latin America,5211,4916,295,94.34,157213.68
2025-02-01,2025-02,DrugC,Cholestat,Middle East & Africa,3775,3334,441,88.32,106621.32
2025-03-01,2025-03,DrugY,Cardiovex,North America,88830,88363,467,99.47,551385.12
2025-03-01,2025-03,DrugY,Cardiovex,Europe,73714,70977,2737,96.29,442896.48
2025-03-01,2025-03,DrugY,Cardiovex,Asia-Pacific,59884,54736,5148,91.4,341552.64
2025-03-01,2025-03,DrugY,Cardiovex,Latin America,28271,26970,1301,95.4,168292.8
2025-03-01,2025-03,DrugY,Cardiovex,Middle East & Africa,22252,21072,1180,94.7,131489.28
2025-03-01,2025-03,DrugX,Nephrolyte,North America,59916,57617,2299,96.16,277137.77
2025-03-01,2025-03,DrugX,Nephrolyte,Europe,47614,44816,2798,94.12,215564.96
2025-03-01,2025-03,DrugX,Nephrolyte,Asia-Pacific,34264,31521,2743,92.0,151616.01
2025-03-01,2025-03,DrugX,Nephrolyte,Latin America,15988,14982,1006,93.71,72063.42
2025-03-01,2025-03,DrugX,Nephrolyte,Middle East & Africa,10934,10596,338,96.91,50966.76
2025-03-01,2025-03,DrugA,Angiotrol,North America,20247,19857,390,98.07,495630.72
2025-03-01,2025-03,DrugA,Angiotrol,Europe,18715,18715,0,100.0,467126.4
2025-03-01,2025-03,DrugA,Angiotrol,Asia-Pacific,15370,14640,730,95.25,365414.4
2025-03-01,2025-03,DrugA,Angiotrol,Latin America,7419,6819,600,91.92,170202.24
2025-03-01,2025-03,DrugA,Angiotrol,Middle East & Africa,4914,4766,148,96.99,118959.36
2025-03-01,2025-03,DrugB,Betacor,North America,16781,16737,44,99.74,137076.03
2025-03-01,2025-03,DrugB,Betacor,Europe,12812,12089,723,94.36,99008.91
2025-03-01,2025-03,DrugB,Betacor,Asia-Pacific,11174,10423,751,93.28,85364.37
2025-03-01,2025-03,DrugB,Betacor,Latin America,4721,4486,235,95.03,36740.34
2025-03-01,2025-03,DrugB,Betacor,Middle East & Africa,3509,3410,99,97.19,27927.9
2025-03-01,2025-03,DrugC,Cholestat,North America,16619,16296,323,98.06,521146.08
2025-03-01,2025-03,DrugC,Cholestat,Europe,14231,14103,128,99.1,451013.94
2025-03-01,2025-03,DrugC,Cholestat,Asia-Pacific,10662,10355,307,97.12,331152.9
2025-03-01,2025-03,DrugC,Cholestat,Latin America,5349,5198,151,97.18,166232.04
2025-03-01,2025-03,DrugC,Cholestat,Middle East & Africa,3399,3399,0,100.0,108700.02
2025-04-01,2025-04,DrugY,Cardiovex,North America,94330,94330,0,100.0,588619.2
2025-04-01,2025-04,DrugY,Cardiovex,Europe,68853,64619,4234,93.85,403222.56
2025-04-01,2025-04,DrugY,Cardiovex,Asia-Pacific,60667,56665,4002,93.4,353589.6
2025-04-01,2025-04,DrugY,Cardiovex,Latin America,23959,23244,715,97.01,145042.56
2025-04-01,2025-04,DrugY,Cardiovex,Middle East & Africa,19656,17732,1924,90.21,110647.68
2025-04-01,2025-04,DrugX,Nephrolyte,North America,56664,53356,3308,94.16,256642.36
2025-04-01,2025-04,DrugX,Nephrolyte,Europe,42541,42451,90,99.79,204189.31
2025-04-01,2025-04,DrugX,Nephrolyte,Asia-Pacific,33834,33105,729,97.85,159235.05
2025-04-01,2025-04,DrugX,Nephrolyte,Latin America,15174,14893,281,98.15,71635.33
2025-04-01,2025-04,DrugX,Nephrolyte,Middle East & Africa,11590,10864,726,93.73,52255.84
2025-04-01,2025-04,DrugA,Angiotrol,North America,21654,20572,1082,95.0,513477.12
2025-04-01,2025-04,DrugA,Angiotrol,Europe,18153,16862,1291,92.89,420875.52
2025-04-01,2025-04,DrugA,Angiotrol,Asia-Pacific,14861,14302,559,96.24,356977.92
2025-04-01,2025-04,DrugA,Angiotrol,Latin America,6697,6373,324,95.16,159070.08
2025-04-01,2025-04,DrugA,Angiotrol,Middle East & Africa,4758,4367,391,91.78,109000.32
2025-04-01,2025-04,DrugB,Betacor,North America,13495,13285,210,98.45,108804.15
2025-04-01,2025-04,DrugB,Betacor,Europe,11528,11172,356,96.91,91498.68
2025-04-01,2025-04,DrugB,Betacor,Asia-Pacific,9495,9350,145,98.48,76576.5
2025-04-01,2025-04,DrugB,Betacor,Latin America,4403,4092,311,92.93,33513.48
2025-04-01,2025-04,DrugB,Betacor,Middle East & Africa,3326,3199,127,96.17,26199.81
2025-04-01,2025-04,DrugC,Cholestat,North America,16074,15006,1068,93.36,479891.88
2025-04-01,2025-04,DrugC,Cholestat,Europe,11674,11464,210,98.2,366618.72
2025-04-01,2025-04,DrugC,Cholestat,Asia-Pacific,9897,9118,779,92.13,291593.64
2025-04-01,2025-04,DrugC,Cholestat,Latin America,4598,4598,0,100.0,147044.04
2025-04-01,2025-04,DrugC,Cholestat,Middle East & Africa,3131,2877,254,91.89,92006.46
2025-05-01,2025-05,DrugY,Cardiovex,North America,79590,74868,4722,94.07,467176.32
2025-05-01,2025-05,DrugY,Cardiovex,Europe,68306,68306,0,100.0,426229.44
2025-05-01,2025-05,DrugY,Cardiovex,Asia-Pacific,54224,52467,1757,96.76,327394.08
2025-05-01,2025-05,DrugY,Cardiovex,Latin America,24029,24029,0,100.0,149940.96
2025-05-01,2025-05,DrugY,Cardiovex,Middle East & Africa,17677,17569,108,99.39,109630.56
2025-05-01,2025-05,DrugX,Nephrolyte,North America,44946,44946,0,100.0,216190.26
2025-05-01,2025-05,DrugX,Nephrolyte,Europe,39861,39861,0,100.0,191731.41
2025-05-01,2025-05,DrugX,Nephrolyte,Asia-Pacific,34084,31795,2289,93.28,152933.95
2025-05-01,2025-05,DrugX,Nephrolyte,Latin America,14517,13347,1170,91.94,64199.07
2025-05-01,2025-05,DrugX,Nephrolyte,Middle East & Africa,10759,9868,891,91.72,47465.08
2025-05-01,2025-05,DrugA,Angiotrol,North America,18889,17627,1262,93.32,439969.92
2025-05-01,2025-05,DrugA,Angiotrol,Europe,15884,14877,1007,93.66,371329.92
2025-05-01,2025-05,DrugA,Angiotrol,Asia-Pacific,13471,13246,225,98.33,330620.16
2025-05-01,2025-05,DrugA,Angiotrol,Latin America,5677,5611,66,98.84,140050.56
2025-05-01,2025-05,DrugA,Angiotrol,Middle East & Africa,4325,4238,87,97.99,105780.48
2025-05-01,2025-05,DrugB,Betacor,North America,14538,14505,33,99.77,118795.95
2025-05-01,2025-05,DrugB,Betacor,Europe,10770,10392,378,96.49,85110.48
2025-05-01,2025-05,DrugB,Betacor,Asia-Pacific,8967,8759,208,97.68,71736.21
2025-05-01,2025-05,DrugB,Betacor,Latin America,4347,4244,103,97.64,34758.36
2025-05-01,2025-05,DrugB,Betacor,Middle East & Africa,3061,2967,94,96.91,24299.73
2025-05-01,2025-05,DrugC,Cholestat,North America,14557,13849,708,95.13,442891.02
2025-05-01,2025-05,DrugC,Cholestat,Europe,12043,11314,729,93.95,361821.72
2025-05-01,2025-05,DrugC,Cholestat,Asia-Pacific,9103,8913,190,97.92,285037.74
2025-05-01,2025-05,DrugC,Cholestat,Latin America,4202,3952,250,94.05,126384.96
2025-05-01,2025-05,DrugC,Cholestat,Middle East & Africa,3160,2732,428,86.44,87369.36
2025-06-01,2025-06,DrugY,Cardiovex,North America,80469,72483,7986,90.08,452293.92
2025-06-01,2025-06,DrugY,Cardiovex,Europe,61131,60580,551,99.1,378019.2
2025-06-01,2025-06,DrugY,Cardiovex,Asia-Pacific,51237,48064,3173,93.81,299919.36
2025-06-01,2025-06,DrugY,Cardiovex,Latin America,23191,21513,1678,92.77,134241.12
2025-06-01,2025-06,DrugY,Cardiovex,Middle East & Africa,14829,13581,1248,91.59,84745.44
2025-06-01,2025-06,DrugX,Nephrolyte,North America,43569,42856,713,98.36,206137.36
2025-06-01,2025-06,DrugX,Nephrolyte,Europe,41196,40096,1100,97.33,192861.76
2025-06-01,2025-06,DrugX,Nephrolyte,Asia-Pacific,28823,26477,2346,91.86,127354.37
2025-06-01,2025-06,DrugX,Nephrolyte,Latin America,12993,11910,1083,91.67,57287.1
2025-06-01,2025-06,DrugX,Nephrolyte,Middle East & Africa,8911,8235,676,92.41,39610.35
2025-06-01,2025-06,DrugA,Angiotrol,North America,19332,18091,1241,93.58,451551.36
2025-06-01,2025-06,DrugA,Angiotrol,Europe,16367,16367,0,100.0,408520.32
2025-06-01,2025-06,DrugA,Angiotrol,Asia-Pacific,12536,11258,1278,89.81,280999.68
2025-06-01,2025-06,DrugA,Angiotrol,Latin America,5817,5662,155,97.34,141323.52
2025-06-01,2025-06,DrugA,Angiotrol,Middle East & Africa,3808,3438,370,90.27,85812.48
2025-06-01,2025-06,DrugB,Betacor,North America,14629,13768,861,94.11,112759.92
2025-06-01,2025-06,DrugB,Betacor,Europe,10428,9762,666,93.61,79950.78
2025-06-01,2025-06,DrugB,Betacor,Asia-Pacific,8440,7947,493,94.16,65085.93
2025-06-01,2025-06,DrugB,Betacor,Latin America,3955,3620,335,91.52,29647.8
2025-06-01,2025-06,DrugB,Betacor,Middle East & Africa,2443,2327,116,95.26,19058.13
2025-06-01,2025-06,DrugC,Cholestat,North America,13092,12084,1008,92.3,386446.32
2025-06-01,2025-06,DrugC,Cholestat,Europe,10759,10329,430,96.0,330321.42
2025-06-01,2025-06,DrugC,Cholestat,Asia-Pacific,9208,8106,1102,88.04,259229.88
2025-06-01,2025-06,DrugC,Cholestat,Latin America,3961,3706,255,93.57,118517.88
2025-06-01,2025-06,DrugC,Cholestat,Middle East & Africa,2642,2558,84,96.82,81804.84
2025-07-01,2025-07,DrugY,Cardiovex,North America,76536,73569,2967,96.12,459070.56
2025-07-01,2025-07,DrugY,Cardiovex,Europe,57395,56745,650,98.87,354088.8
2025-07-01,2025-07,DrugY,Cardiovex,Asia-Pacific,44340,43751,589,98.67,273006.24
2025-07-01,2025-07,DrugY,Cardiovex,Latin America,21253,19981,1272,94.01,124681.44
2025-07-01,2025-07,DrugY,Cardiovex,Middle East & Africa,16582,16278,304,98.16,101574.72
2025-07-01,2025-07,DrugX,Nephrolyte,North America,45558,44355,1203,97.36,213347.55
2025-07-01,2025-07,DrugX,Nephrolyte,Europe,35118,34785,333,99.05,167315.85
2025-07-01,2025-07,DrugX,Nephrolyte,Asia-Pacific,29792,29123,669,97.75,140081.63
2025-07-01,2025-07,DrugX,Nephrolyte,Latin America,12523,11972,551,95.6,57585.32
2025-07-01,2025-07,DrugX,Nephrolyte,Middle East & Africa,9173,8439,734,92.0,40591.59
2025-07-01,2025-07,DrugA,Angiotrol,North America,19095,19095,0,100.0,476611.2
2025-07-01,2025-07,DrugA,Angiotrol,Europe,15563,14921,642,95.87,372428.16
2025-07-01,2025-07,DrugA,Angiotrol,Asia-Pacific,12122,11455,667,94.5,285916.8
2025-07-01,2025-07,DrugA,Angiotrol,Latin America,5665,5380,285,94.96,134284.8
2025-07-01,2025-07,DrugA,Angiotrol,Middle East & Africa,4151,3864,287,93.09,96445.44
2025-07-01,2025-07,DrugB,Betacor,North America,13981,13278,703,94.98,108746.82
2025-07-01,2025-07,DrugB,Betacor,Europe,11124,11124,0,100.0,91105.56
2025-07-01,2025-07,DrugB,Betacor,Asia-Pacific,9579,9525,54,99.43,78009.75
2025-07-01,2025-07,DrugB,Betacor,Latin America,4332,3995,337,92.22,32719.05
2025-07-01,2025-07,DrugB,Betacor,Middle East & Africa,2613,2479,134,94.87,20303.01
2025-07-01,2025-07,DrugC,Cholestat,North America,13711,13195,516,96.24,421976.1
2025-07-01,2025-07,DrugC,Cholestat,Europe,10631,10539,92,99.14,337037.22
2025-07-01,2025-07,DrugC,Cholestat,Asia-Pacific,8528,8023,505,94.08,256575.54
2025-07-01,2025-07,DrugC,Cholestat,Latin America,4012,3857,155,96.13,123346.86
2025-07-01,2025-07,DrugC,Cholestat,Middle East & Africa,2678,2493,185,93.1,79726.14
2025-08-01,2025-08,DrugY,Cardiovex,North America,80450,75929,4521,94.38,473796.96
2025-08-01,2025-08,DrugY,Cardiovex,Europe,57570,53096,4474,92.23,331319.04
2025-08-01,2025-08,DrugY,Cardiovex,Asia-Pacific,47424,43707,3717,92.16,272731.68
2025-08-01,2025-08,DrugY,Cardiovex,Latin America,23429,22051,1378,94.12,137598.24
2025-08-01,2025-08,DrugY,Cardiovex,Middle East & Africa,16561,15708,853,94.85,98017.92
2025-08-01,2025-08,DrugX,Nephrolyte,North America,46214,44813,1401,96.97,215550.53
2025-08-01,2025-08,DrugX,Nephrolyte,Europe,38149,35906,2243,94.12,172707.86
2025-08-01,2025-08,DrugX,Nephrolyte,Asia-Pacific,30743,29770,973,96.84,143193.7
2025-08-01,2025-08,DrugX,Nephrolyte,Latin America,14314,12743,1571,89.02,61293.83
2025-08-01,2025-08,DrugX,Nephrolyte,Middle East & Africa,9824,9421,403,95.89,45315.01
2025-08-01,2025-08,DrugA,Angiotrol,North America,19022,18040,982,94.84,450278.4
2025-08-01,2025-08,DrugA,Angiotrol,Europe,15085,14355,730,95.16,358300.8
2025-08-01,2025-08,DrugA,Angiotrol,Asia-Pacific,13224,12455,769,94.19,310876.8
2025-08-01,2025-08,DrugA,Angiotrol,Latin America,6259,5759,500,92.01,143744.64
2025-08-01,2025-08,DrugA,Angiotrol,Middle East & Africa,3670,3348,322,91.23,83566.08
2025-08-01,2025-08,DrugB,Betacor,North America,13589,13197,392,97.11,108083.43
2025-08-01,2025-08,DrugB,Betacor,Europe,11087,10285,802,92.76,84234.15
2025-08-01,2025-08,DrugB,Betacor,Asia-Pacific,8833,8356,477,94.6,68435.64
2025-08-01,2025-08,DrugB,Betacor,Latin America,4298,4022,276,93.58,32940.18
2025-08-01,2025-08,DrugB,Betacor,Middle East & Africa,2885,2740,145,94.96,22440.6
2025-08-01,2025-08,DrugC,Cholestat,North America,14664,14355,309,97.89,459072.9
2025-08-01,2025-08,DrugC,Cholestat,Europe,10316,10316,0,100.0,329905.68
2025-08-01,2025-08,DrugC,Cholestat,Asia-Pacific,8971,8971,0,100.0,286892.58
2025-08-01,2025-08,DrugC,Cholestat,Latin America,4110,3916,194,95.28,125233.68
2025-08-01,2025-08,DrugC,Cholestat,Middle East & Africa,2854,2538,316,88.92,81165.24
2025-09-01,2025-09,DrugY,Cardiovex,North America,79411,77420,1991,97.49,483100.8
2025-09-01,2025-09,DrugY,Cardiovex,Europe,72371,67543,4828,93.33,421468.32
2025-09-01,2025-09,DrugY,Cardiovex,Asia-Pacific,56036,55363,673,98.8,345465.12
2025-09-01,2025-09,DrugY,Cardiovex,Latin America,25406,23767,1639,93.55,148306.08
2025-09-01,2025-09,DrugY,Cardiovex,Middle East & Africa,17509,15549,1960,88.81,97025.76
2025-09-01,2025-09,DrugX,Nephrolyte,North America,54841,54841,0,100.0,263785.21
2025-09-01,2025-09,DrugX,Nephrolyte,Europe,39928,38271,1657,95.85,184083.51
2025-09-01,2025-09,DrugX,Nephrolyte,Asia-Pacific,32735,32735,0,100.0,157455.35
2025-09-01,2025-09,DrugX,Nephrolyte,Latin America,14762,13721,1041,92.95,65998.01
2025-09-01,2025-09,DrugX,Nephrolyte,Middle East & Africa,10547,10034,513,95.14,48263.54
2025-09-01,2025-09,DrugA,Angiotrol,North America,21385,20879,506,97.63,521139.84
2025-09-01,2025-09,DrugA,Angiotrol,Europe,16248,15275,973,94.01,381264.0
2025-09-01,2025-09,DrugA,Angiotrol,Asia-Pacific,12406,11756,650,94.76,293429.76
2025-09-01,2025-09,DrugA,Angiotrol,Latin America,6098,5700,398,93.47,142272.0
2025-09-01,2025-09,DrugA,Angiotrol,Middle East & Africa,4563,4541,22,99.52,113343.36
2025-09-01,2025-09,DrugB,Betacor,North America,13822,13803,19,99.86,113046.57
2025-09-01,2025-09,DrugB,Betacor,Europe,11352,10849,503,95.57,88853.31
2025-09-01,2025-09,DrugB,Betacor,Asia-Pacific,9250,8634,616,93.34,70712.46
2025-09-01,2025-09,DrugB,Betacor,Latin America,4611,4274,337,92.7,35004.06
2025-09-01,2025-09,DrugB,Betacor,Middle East & Africa,3246,3120,126,96.13,25552.8
2025-09-01,2025-09,DrugC,Cholestat,North America,15134,14230,904,94.03,455075.4
2025-09-01,2025-09,DrugC,Cholestat,Europe,13004,12525,479,96.32,400549.5
2025-09-01,2025-09,DrugC,Cholestat,Asia-Pacific,9123,8660,463,94.93,276946.8
2025-09-01,2025-09,DrugC,Cholestat,Latin America,4275,4051,224,94.75,129550.98
2025-09-01,2025-09,DrugC,Cholestat,Middle East & Africa,3071,2874,197,93.6,91910.52
2025-10-01,2025-10,DrugY,Cardiovex,North America,86921,80588,6333,92.71,502869.12
2025-10-01,2025-10,DrugY,Cardiovex,Europe,73143,65354,7789,89.35,407808.96
2025-10-01,2025-10,DrugY,Cardiovex,Asia-Pacific,64867,61583,3284,94.94,384277.92
2025-10-01,2025-10,DrugY,Cardiovex,Latin America,28079,26501,1578,94.38,165366.24
2025-10-01,2025-10,DrugY,Cardiovex,Middle East & Africa,20161,18548,1613,92.0,115739.52
2025-10-01,2025-10,DrugX,Nephrolyte,North America,59809,57699,2110,96.47,277532.19
2025-10-01,2025-10,DrugX,Nephrolyte,Europe,40042,37662,2380,94.06,181154.22
2025-10-01,2025-10,DrugX,Nephrolyte,Asia-Pacific,35586,33512,2074,94.17,161192.72
2025-10-01,2025-10,DrugX,Nephrolyte,Latin America,16917,15510,1407,91.68,74603.1
2025-10-01,2025-10,DrugX,Nephrolyte,Middle East & Africa,10633,9743,890,91.63,46863.83
2025-10-01,2025-10,DrugA,Angiotrol,North America,23390,22905,485,97.93,571708.8
2025-10-01,2025-10,DrugA,Angiotrol,Europe,17306,17046,260,98.5,425468.16
2025-10-01,2025-10,DrugA,Angiotrol,Asia-Pacific,15541,14881,660,95.75,371429.76
2025-10-01,2025-10,DrugA,Angiotrol,Latin America,6495,6234,261,95.98,155600.64
2025-10-01,2025-10,DrugA,Angiotrol,Middle East & Africa,4612,4399,213,95.39,109799.04
2025-10-01,2025-10,DrugB,Betacor,North America,15583,14731,852,94.53,120646.89
2025-10-01,2025-10,DrugB,Betacor,Europe,11929,11620,309,97.41,95167.8
2025-10-01,2025-10,DrugB,Betacor,Asia-Pacific,10311,10116,195,98.1,82850.04
2025-10-01,2025-10,DrugB,Betacor,Latin America,5120,4780,340,93.37,39148.2
2025-10-01,2025-10,DrugB,Betacor,Middle East & Africa,3112,2979,133,95.74,24398.01
2025-10-01,2025-10,DrugC,Cholestat,North America,17219,16109,1110,93.56,515165.82
2025-10-01,2025-10,DrugC,Cholestat,Europe,12257,11670,587,95.21,373206.6
2025-10-01,2025-10,DrugC,Cholestat,Asia-Pacific,11266,10546,720,93.61,337261.08
2025-10-01,2025-10,DrugC,Cholestat,Latin America,4879,4617,262,94.63,147651.66
2025-10-01,2025-10,DrugC,Cholestat,Middle East & Africa,3532,3376,156,95.58,107964.48
2025-11-01,2025-11,DrugY,Cardiovex,North America,103337,99051,4286,95.85,618078.24
2025-11-01,2025-11,DrugY,Cardiovex,Europe,75610,74064,1546,97.96,462159.36
2025-11-01,2025-11,DrugY,Cardiovex,Asia-Pacific,66642,62575,4067,93.9,390468.0
2025-11-01,2025-11,DrugY,Cardiovex,Latin America,29014,28042,972,96.65,174982.08
2025-11-01,2025-11,DrugY,Cardiovex,Middle East & Africa,18681,17406,1275,93.17,108613.44
2025-11-01,2025-11,DrugX,Nephrolyte,North America,59391,57023,2368,96.01,274280.63
2025-11-01,2025-11,DrugX,Nephrolyte,Europe,48095,43452,4643,90.35,209004.12
2025-11-01,2025-11,DrugX,Nephrolyte,Asia-Pacific,38346,35025,3321,91.34,168470.25
2025-11-01,2025-11,DrugX,Nephrolyte,Latin America,18063,17012,1051,94.18,81827.72
2025-11-01,2025-11,DrugX,Nephrolyte,Middle East & Africa,11594,10500,1094,90.56,50505.0
2025-11-01,2025-11,DrugA,Angiotrol,North America,25962,25013,949,96.34,624324.48
2025-11-01,2025-11,DrugA,Angiotrol,Europe,20577,19626,951,95.38,489864.96
2025-11-01,2025-11,DrugA,Angiotrol,Asia-Pacific,14741,14723,18,99.88,367486.08
2025-11-01,2025-11,DrugA,Angiotrol,Latin America,7603,7436,167,97.81,185602.56
2025-11-01,2025-11,DrugA,Angiotrol,Middle East & Africa,4779,4779,0,100.0,119283.84
2025-11-01,2025-11,DrugB,Betacor,North America,18233,18233,0,100.0,149328.27
2025-11-01,2025-11,DrugB,Betacor,Europe,13962,13586,376,97.31,111269.34
2025-11-01,2025-11,DrugB,Betacor,Asia-Pacific,11587,10637,950,91.8,87117.03
2025-11-01,2025-11,DrugB,Betacor,Latin America,5266,5045,221,95.8,41318.55
2025-11-01,2025-11,DrugB,Betacor,Middle East & Africa,3628,3406,222,93.87,27895.14
2025-11-01,2025-11,DrugC,Cholestat,North America,17482,17482,0,100.0,559074.36
2025-11-01,2025-11,DrugC,Cholestat,Europe,13621,13014,607,95.55,416187.72
2025-11-01,2025-11,DrugC,Cholestat,Asia-Pacific,11722,11366,356,96.96,363484.68
2025-11-01,2025-11,DrugC,Cholestat,Latin America,5252,4981,271,94.83,159292.38
2025-11-01,2025-11,DrugC,Cholestat,Middle East & Africa,3409,3093,316,90.74,98914.14
2025-12-01,2025-12,DrugY,Cardiovex,North America,107337,101622,5715,94.68,634121.28
2025-12-01,2025-12,DrugY,Cardiovex,Europe,85189,82136,3053,96.42,512528.64
2025-12-01,2025-12,DrugY,Cardiovex,Asia-Pacific,73531,69590,3941,94.64,434241.6
2025-12-01,2025-12,DrugY,Cardiovex,Latin America,32171,29445,2726,91.53,183736.8
2025-12-01,2025-12,DrugY,Cardiovex,Middle East & Africa,22398,21668,730,96.74,135208.32
2025-12-01,2025-12,DrugX,Nephrolyte,North America,66146,62920,3226,95.12,302645.2
2025-12-01,2025-12,DrugX,Nephrolyte,Europe,52034,52034,0,100.0,250283.54
2025-12-01,2025-12,DrugX,Nephrolyte,Asia-Pacific,39692,38299,1393,96.49,184218.19
2025-12-01,2025-12,DrugX,Nephrolyte,Latin America,18909,17696,1213,93.59,85117.76
2025-12-01,2025-12,DrugX,Nephrolyte,Middle East & Africa,12766,11848,918,92.81,56988.88
2025-12-01,2025-12,DrugA,Angiotrol,North America,27077,25566,1511,94.42,638127.36
2025-12-01,2025-12,DrugA,Angiotrol,Europe,20201,20201,0,100.0,504216.96
2025-12-01,2025-12,DrugA,Angiotrol,Asia-Pacific,17764,16454,1310,92.63,410691.84
2025-12-01,2025-12,DrugA,Angiotrol,Latin America,7399,6521,878,88.13,162764.16
2025-12-01,2025-12,DrugA,Angiotrol,Middle East & Africa,5240,4749,491,90.64,118535.04
2025-12-01,2025-12,DrugB,Betacor,North America,18577,17780,797,95.71,145618.2
2025-12-01,2025-12,DrugB,Betacor,Europe,13771,13590,181,98.68,111302.1
2025-12-01,2025-12,DrugB,Betacor,Asia-Pacific,11230,11011,219,98.05,90180.09
2025-12-01,2025-12,DrugB,Betacor,Latin America,5212,5101,111,97.87,41777.19
2025-12-01,2025-12,DrugB,Betacor,Middle East & Africa,3691,3403,288,92.19,27870.57
2025-12-01,2025-12,DrugC,Cholestat,North America,19781,18376,1405,92.9,587664.48
2025-12-01,2025-12,DrugC,Cholestat,Europe,15633,14895,738,95.28,476342.1
2025-12-01,2025-12,DrugC,Cholestat,Asia-Pacific,11537,11085,452,96.08,354498.3
2025-12-01,2025-12,DrugC,Cholestat,Latin America,5591,5131,460,91.77,164089.38
2025-12-01,2025-12,DrugC,Cholestat,Middle East & Africa,3823,3642,181,95.26,116471.16
